Day,numGames,numSessions,DayNum,hasGame
3/9/13,0,1939,472,FALSE
7/13/12,0,638,233,FALSE
3/17/13,0,1969,480,FALSE
4/29/15,0,2179,1253,FALSE
9/4/13,0,4379,651,FALSE
12/11/13,0,3339,749,FALSE
7/16/12,0,627,236,FALSE
1/31/12,0,1506,71,FALSE
8/10/14,0,2341,991,FALSE
12/5/13,1,3396,743,TRUE
5/7/16,0,1947,1627,FALSE
1/16/12,0,2616,59,FALSE
11/20/15,0,5917,1458,FALSE
4/29/14,0,1908,888,FALSE
4/21/13,0,1250,515,FALSE
9/8/12,0,6001,290,FALSE
10/14/13,1,3113,691,TRUE
9/23/15,0,9277,1400,FALSE
1/27/16,0,5970,1526,FALSE
5/10/13,0,1045,534,FALSE
7/21/12,0,737,241,FALSE
10/18/14,0,6611,1060,FALSE
4/13/14,0,2493,872,FALSE
7/22/13,0,982,607,FALSE
1/10/12,0,1771,53,FALSE
7/31/14,0,1973,981,FALSE
9/26/15,0,9249,1403,FALSE
5/15/13,0,979,539,FALSE
10/11/14,0,6541,1053,FALSE
1/12/13,0,3555,416,FALSE
11/29/12,1,2417,372,TRUE
2/19/16,0,5247,1549,FALSE
4/17/13,0,1122,511,FALSE
8/2/14,0,2133,983,FALSE
7/23/12,0,691,243,FALSE
6/11/16,0,1286,1662,FALSE
4/1/16,0,3420,1591,FALSE
12/2/11,0,1658,14,FALSE
2/27/14,0,2591,827,FALSE
5/8/15,0,2404,1262,FALSE
1/18/13,0,2429,422,FALSE
4/8/13,0,1028,502,FALSE
7/27/15,0,2318,1342,FALSE
12/20/11,0,1819,32,FALSE
11/15/14,0,6007,1088,FALSE
9/10/14,0,7550,1022,FALSE
11/24/14,1,4168,1097,TRUE
5/4/16,0,1408,1624,FALSE
9/2/12,0,6709,284,FALSE
3/14/13,0,1675,477,FALSE
5/17/14,0,2325,906,FALSE
5/3/16,0,1707,1623,FALSE
11/9/12,0,2620,352,FALSE
12/24/15,1,8624,1492,TRUE
7/25/15,0,2330,1340,FALSE
11/11/12,12,3135,354,TRUE
9/24/15,1,8315,1401,TRUE
4/6/13,0,1337,500,FALSE
11/13/12,0,2583,356,FALSE
4/8/15,0,2683,1232,FALSE
5/10/12,0,665,169,FALSE
10/17/13,1,2947,694,TRUE
5/20/16,0,1289,1640,FALSE
4/11/15,0,3223,1235,FALSE
5/12/14,0,2035,901,FALSE
5/24/13,0,1132,548,FALSE
5/29/14,0,1626,918,FALSE
3/17/14,0,2564,845,FALSE
7/4/13,0,1068,589,FALSE
1/6/12,0,1859,49,FALSE
10/22/14,0,4874,1064,FALSE
5/20/12,0,774,179,FALSE
8/4/15,0,2375,1350,FALSE
6/12/16,0,1261,1663,FALSE
2/2/13,0,3000,437,FALSE
1/25/12,0,1630,65,FALSE
9/1/14,0,12509,1013,FALSE
4/17/15,0,2358,1241,FALSE
6/28/14,0,1611,948,FALSE
2/2/14,0,5192,802,FALSE
8/9/14,0,2135,990,FALSE
7/26/12,0,683,246,FALSE
9/2/15,0,12311,1379,FALSE
11/15/11,0,754,3,FALSE
1/17/14,0,4051,786,FALSE
9/26/13,1,3098,673,TRUE
4/8/16,0,2914,1598,FALSE
9/21/15,1,8080,1398,TRUE
3/13/13,0,1566,476,FALSE
8/28/13,0,6047,644,FALSE
12/12/15,0,7988,1480,FALSE
10/3/15,0,9395,1410,FALSE
1/17/13,0,2686,421,FALSE
4/18/12,0,723,148,FALSE
10/8/13,0,2712,685,FALSE
8/5/12,0,692,256,FALSE
6/15/15,0,1952,1300,FALSE
12/25/11,1,2135,37,TRUE
4/1/12,0,1073,131,FALSE
8/20/13,0,1109,636,FALSE
12/27/13,0,5609,765,FALSE
7/9/13,0,1025,594,FALSE
12/25/15,0,9574,1493,FALSE
10/6/12,0,4115,318,FALSE
10/23/13,0,2984,700,FALSE
6/24/14,0,1721,944,FALSE
11/2/15,1,6072,1440,TRUE
3/26/13,0,1396,489,FALSE
1/16/16,0,8858,1515,FALSE
2/2/12,0,1424,73,FALSE
5/18/14,0,2310,907,FALSE
6/15/16,0,1279,1666,FALSE
12/23/11,0,2006,35,FALSE
12/23/13,1,4648,761,TRUE
12/8/15,0,5597,1476,FALSE
11/20/12,0,2340,363,FALSE
1/28/14,0,4232,797,FALSE
7/24/13,0,973,609,FALSE
9/12/14,0,7326,1024,FALSE
3/28/16,0,3772,1587,FALSE
11/4/12,12,3089,347,TRUE
11/3/13,11,3163,711,TRUE
12/17/15,1,5866,1485,TRUE
8/20/15,0,2403,1366,FALSE
5/11/13,0,1314,535,FALSE
7/16/13,0,947,601,FALSE
5/7/14,0,1614,896,FALSE
5/30/13,0,1084,554,FALSE
8/17/15,0,2755,1363,FALSE
10/17/12,0,3123,329,FALSE
7/4/15,0,2245,1319,FALSE
7/14/15,0,2179,1329,FALSE
11/14/14,0,4323,1087,FALSE
5/30/15,0,2626,1284,FALSE
12/17/11,1,2008,29,TRUE
5/24/16,0,1214,1644,FALSE
3/31/16,0,3257,1590,FALSE
11/12/12,1,2803,355,TRUE
4/13/15,0,2342,1237,FALSE
11/7/15,0,7525,1445,FALSE
1/18/14,0,4979,787,FALSE
3/29/15,0,3789,1222,FALSE
12/10/15,1,5780,1478,TRUE
5/12/16,0,1169,1632,FALSE
5/30/12,0,642,189,FALSE
7/9/14,0,1708,959,FALSE
11/23/15,1,6355,1461,TRUE
7/12/14,0,1942,962,FALSE
11/14/15,0,8008,1452,FALSE
1/10/15,0,6618,1144,FALSE
2/8/16,0,5687,1538,FALSE
11/19/15,1,5884,1457,TRUE
5/8/12,0,663,168,FALSE
5/29/12,0,746,188,FALSE
10/31/13,1,2528,708,TRUE
12/24/13,0,5107,762,FALSE
1/23/12,0,1559,63,FALSE
11/13/14,1,4343,1086,TRUE
1/4/16,0,6174,1503,FALSE
2/19/14,0,2867,819,FALSE
8/21/13,0,1101,637,FALSE
8/6/12,0,659,257,FALSE
8/3/14,0,2190,984,FALSE
5/15/14,0,1843,904,FALSE
11/4/15,0,6445,1442,FALSE
2/11/14,0,3243,811,FALSE
12/23/12,15,3111,396,TRUE
3/4/14,0,2681,832,FALSE
2/15/12,0,1075,86,FALSE
6/10/12,0,737,200,FALSE
5/27/16,0,1398,1647,FALSE
2/14/13,0,1760,449,FALSE
12/19/14,0,5328,1122,FALSE
4/19/13,0,1173,513,FALSE
3/6/12,0,739,105,FALSE
10/24/14,0,5001,1066,FALSE
9/17/12,1,4386,299,TRUE
9/29/13,13,3770,676,TRUE
12/29/15,0,9792,1497,FALSE
11/4/14,0,4619,1077,FALSE
7/8/15,0,2272,1323,FALSE
12/18/15,0,6533,1486,FALSE
10/5/15,1,6815,1412,TRUE
4/23/14,0,1878,882,FALSE
12/30/14,0,7412,1133,FALSE
3/15/13,0,1590,478,FALSE
12/3/15,1,5627,1471,TRUE
6/20/12,0,712,210,FALSE
4/29/16,0,2213,1619,FALSE
12/21/12,0,3050,394,FALSE
4/16/14,0,2096,875,FALSE
7/5/12,0,597,225,FALSE
11/7/13,1,2410,715,TRUE
7/26/15,0,2315,1341,FALSE
12/14/11,0,1692,26,FALSE
1/30/12,0,1590,70,FALSE
11/28/12,0,2393,371,FALSE
3/15/16,0,3509,1574,FALSE
1/6/15,0,5274,1140,FALSE
5/22/16,0,1717,1642,FALSE
1/26/15,0,4852,1160,FALSE
1/7/13,0,2951,411,FALSE
5/11/15,0,2201,1265,FALSE
2/5/15,0,4508,1170,FALSE
2/28/16,0,5976,1558,FALSE
3/8/12,0,845,107,FALSE
12/11/12,0,2608,384,FALSE
7/14/14,0,1733,964,FALSE
5/22/12,0,644,181,FALSE
4/27/15,0,2298,1251,FALSE
5/24/12,0,604,183,FALSE
3/16/13,0,1859,479,FALSE
6/26/14,0,1709,946,FALSE
6/30/14,0,1589,950,FALSE
5/19/12,0,603,178,FALSE
3/13/12,0,924,112,FALSE
2/5/14,0,4019,805,FALSE
2/17/15,0,4836,1182,FALSE
10/31/15,0,8424,1438,FALSE
8/3/13,0,1166,619,FALSE
12/16/13,1,3393,754,TRUE
9/6/13,0,3873,653,FALSE
7/31/12,0,721,251,FALSE
11/30/13,0,3874,738,FALSE
11/23/12,0,2787,366,FALSE
9/15/12,0,5403,297,FALSE
10/20/14,1,4844,1062,TRUE
7/30/15,0,2280,1345,FALSE
6/4/15,0,2096,1289,FALSE
4/5/13,0,1302,499,FALSE
2/18/13,0,2111,453,FALSE
6/13/13,0,1136,568,FALSE
6/22/14,0,1797,942,FALSE
12/6/14,0,5956,1109,FALSE
12/26/11,1,2383,38,TRUE
1/8/13,0,2629,412,FALSE
4/5/15,0,3301,1229,FALSE
5/19/13,0,1265,543,FALSE
8/23/13,0,1133,639,FALSE
12/26/13,0,5619,764,FALSE
1/9/16,0,8990,1508,FALSE
2/3/13,0,3210,438,FALSE
3/9/16,0,3736,1568,FALSE
5/31/14,0,2055,920,FALSE
1/5/14,0,5046,774,FALSE
4/22/16,0,2617,1612,FALSE
3/30/14,0,2863,858,FALSE
6/9/12,0,641,199,FALSE
7/2/14,0,1635,952,FALSE
4/25/14,0,1889,884,FALSE
8/24/12,0,702,275,FALSE
4/11/16,0,2620,1601,FALSE
2/13/12,0,1429,84,FALSE
8/15/14,0,2171,996,FALSE
9/18/15,0,8390,1395,FALSE
9/6/15,0,14264,1383,FALSE
3/2/13,0,2073,465,FALSE
3/16/16,0,3550,1575,FALSE
5/15/12,0,681,174,FALSE
9/26/12,0,4397,308,FALSE
11/8/14,0,5974,1081,FALSE
9/27/12,1,4042,309,TRUE
4/18/13,0,1132,512,FALSE
3/21/12,0,893,120,FALSE
4/15/16,0,2642,1605,FALSE
10/11/12,1,3307,323,TRUE
2/9/14,0,4606,809,FALSE
12/20/14,2,6704,1123,TRUE
4/2/13,0,1290,496,FALSE
12/6/15,14,7271,1474,TRUE
12/30/12,16,3615,403,TRUE
7/27/12,0,631,247,FALSE
10/31/12,0,2650,343,FALSE
10/8/12,1,3798,320,TRUE
8/12/12,0,763,263,FALSE
5/13/15,0,2125,1267,FALSE
5/20/13,0,1030,544,FALSE
5/26/13,0,1300,550,FALSE
10/20/13,13,3433,697,TRUE
6/8/12,0,675,198,FALSE
9/2/14,0,9634,1014,FALSE
12/2/12,14,3026,375,TRUE
11/3/15,0,6486,1441,FALSE
12/22/14,1,6644,1125,TRUE
8/18/13,0,1260,634,FALSE
6/26/15,0,2359,1311,FALSE
7/7/15,0,2183,1322,FALSE
7/23/13,0,968,608,FALSE
6/29/14,0,1722,949,FALSE
10/22/12,1,3089,334,TRUE
3/27/12,0,815,126,FALSE
12/28/12,0,3772,401,FALSE
11/9/14,11,5735,1082,TRUE
6/19/14,0,1665,939,FALSE
10/4/12,1,3448,316,TRUE
1/1/13,0,3849,405,FALSE
7/19/14,0,1812,969,FALSE
2/7/14,0,3431,807,FALSE
1/16/15,0,5499,1150,FALSE
10/21/13,1,2789,698,TRUE
2/4/14,0,3688,804,FALSE
8/11/14,0,2103,992,FALSE
2/7/13,0,2227,442,FALSE
5/16/12,0,643,175,FALSE
11/11/13,1,2664,719,TRUE
7/13/13,0,1027,598,FALSE
6/26/12,0,695,216,FALSE
9/3/12,0,7435,285,FALSE
9/18/12,0,4362,300,FALSE
12/7/11,0,1555,19,FALSE
2/10/14,0,3662,810,FALSE
1/27/14,0,3915,796,FALSE
4/28/16,0,1713,1618,FALSE
8/28/12,0,3905,279,FALSE
1/3/12,0,2084,46,FALSE
6/18/14,0,1563,938,FALSE
6/1/14,0,1990,921,FALSE
10/21/14,0,4568,1063,FALSE
11/28/14,0,6106,1101,FALSE
2/6/15,0,4931,1171,FALSE
6/30/13,0,987,585,FALSE
7/15/13,0,931,600,FALSE
3/20/14,0,2237,848,FALSE
7/9/15,0,2156,1324,FALSE
4/1/13,0,1295,495,FALSE
4/27/14,0,2401,886,FALSE
8/25/14,0,2385,1006,FALSE
10/15/14,0,4990,1057,FALSE
10/29/12,1,3590,341,TRUE
12/10/14,0,4578,1113,FALSE
3/22/16,0,3353,1581,FALSE
5/16/15,0,2907,1270,FALSE
3/30/16,0,3210,1589,FALSE
5/16/13,0,1004,540,FALSE
1/1/14,0,5309,770,FALSE
10/14/14,0,4838,1056,FALSE
12/23/15,0,8552,1491,FALSE
5/25/14,0,2038,914,FALSE
12/16/15,0,5862,1484,FALSE
9/14/14,14,8710,1026,TRUE
10/27/13,11,3414,704,TRUE
10/10/12,0,3229,322,FALSE
1/19/16,0,6755,1518,FALSE
10/5/12,0,3456,317,FALSE
12/16/14,0,4461,1119,FALSE
2/12/16,0,6375,1542,FALSE
1/26/16,0,6343,1525,FALSE
5/6/12,0,868,166,FALSE
4/9/16,0,3907,1599,FALSE
1/9/15,0,5381,1143,FALSE
6/6/16,0,1206,1657,FALSE
5/28/14,0,1670,917,FALSE
4/25/13,0,1022,519,FALSE
10/2/15,0,6823,1409,FALSE
4/26/16,0,1270,1616,FALSE
9/16/15,0,9148,1393,FALSE
6/16/15,0,2236,1301,FALSE
10/28/15,0,6721,1435,FALSE
11/29/15,12,7876,1467,TRUE
5/14/14,0,1825,903,FALSE
6/19/13,0,922,574,FALSE
4/19/15,0,2905,1243,FALSE
3/21/14,0,2334,849,FALSE
6/16/14,0,1661,936,FALSE
12/4/12,0,2330,377,FALSE
8/31/14,0,12002,1012,FALSE
9/3/15,0,11833,1380,FALSE
8/4/13,0,1105,620,FALSE
9/19/15,0,11274,1396,FALSE
8/2/13,0,1108,618,FALSE
8/3/12,0,665,254,FALSE
3/13/14,0,2435,841,FALSE
2/20/15,0,4308,1185,FALSE
6/20/15,0,2578,1305,FALSE
7/4/14,0,1809,954,FALSE
3/12/16,0,5428,1571,FALSE
4/27/16,0,1295,1617,FALSE
9/24/12,1,3837,306,TRUE
7/7/13,0,978,592,FALSE
1/1/16,0,7955,1500,FALSE
1/7/12,0,2410,50,FALSE
7/10/13,0,976,595,FALSE
1/2/13,0,3603,406,FALSE
7/28/12,0,605,248,FALSE
4/15/15,0,2178,1239,FALSE
2/28/14,0,2681,828,FALSE
6/5/12,0,501,195,FALSE
8/24/15,0,2371,1370,FALSE
3/23/13,0,1692,486,FALSE
6/17/15,0,2185,1302,FALSE
7/6/13,0,1020,591,FALSE
1/2/15,0,6622,1136,FALSE
12/17/14,0,4767,1120,FALSE
1/17/15,0,6889,1151,FALSE
8/8/14,0,1862,989,FALSE
2/8/12,0,1429,79,FALSE
10/14/15,0,6673,1421,FALSE
11/21/15,0,8153,1459,FALSE
2/15/15,0,5613,1180,FALSE
9/9/13,1,3885,656,TRUE
8/4/12,0,650,255,FALSE
8/18/14,0,2345,999,FALSE
2/9/15,0,4888,1174,FALSE
2/2/15,0,4527,1167,FALSE
4/22/12,0,935,152,FALSE
2/12/12,0,1808,83,FALSE
3/21/16,0,3529,1580,FALSE
1/16/13,0,2821,420,FALSE
6/7/16,0,1249,1658,FALSE
3/24/14,0,2368,852,FALSE
4/13/16,0,2506,1603,FALSE
2/10/12,0,1418,81,FALSE
4/24/16,0,3282,1614,FALSE
2/5/16,0,6335,1535,FALSE
1/29/14,0,4163,798,FALSE
10/27/14,1,4754,1069,TRUE
4/21/12,0,702,151,FALSE
6/23/12,0,602,213,FALSE
2/24/12,0,1062,94,FALSE
6/5/15,0,2025,1290,FALSE
12/31/15,0,9284,1499,FALSE
4/26/13,0,1021,520,FALSE
3/19/14,0,2362,847,FALSE
5/18/15,0,2309,1272,FALSE
12/21/13,0,4802,759,FALSE
4/3/15,0,3582,1227,FALSE
12/8/11,1,1472,20,TRUE
3/28/14,0,2399,856,FALSE
6/1/15,0,2166,1286,FALSE
3/22/12,0,840,121,FALSE
9/1/13,0,5615,648,FALSE
7/10/15,0,2077,1325,FALSE
7/30/14,0,1925,980,FALSE
3/12/15,0,3387,1205,FALSE
10/16/14,1,5011,1058,TRUE
6/26/13,0,983,581,FALSE
1/29/15,0,4470,1163,FALSE
5/31/13,0,1054,555,FALSE
1/22/12,0,2387,62,FALSE
2/14/14,0,3594,814,FALSE
8/1/13,0,1135,617,FALSE
3/13/16,0,5153,1572,FALSE
12/5/15,0,8036,1473,FALSE
1/13/13,0,3088,417,FALSE
1/14/15,0,5136,1148,FALSE
3/15/14,0,3156,843,FALSE
7/8/13,0,1027,593,FALSE
1/8/12,0,2120,51,FALSE
8/18/15,0,2716,1364,FALSE
1/14/16,0,6042,1513,FALSE
4/21/14,0,1891,880,FALSE
7/21/15,0,2157,1336,FALSE
6/2/12,0,642,192,FALSE
4/22/13,0,1032,516,FALSE
6/14/14,0,1932,934,FALSE
5/26/14,0,2108,915,FALSE
8/29/15,0,16787,1375,FALSE
3/10/12,0,883,109,FALSE
8/16/12,0,690,267,FALSE
2/3/12,0,1224,74,FALSE
4/27/13,0,1415,521,FALSE
7/28/13,0,1007,613,FALSE
2/14/12,0,1275,85,FALSE
11/2/13,0,3422,710,FALSE
2/4/16,0,5698,1534,FALSE
11/24/12,0,3258,367,FALSE
2/5/13,0,2233,440,FALSE
1/14/12,0,2493,57,FALSE
9/16/14,0,6944,1028,FALSE
2/20/14,0,2866,820,FALSE
9/25/14,1,7224,1037,TRUE
1/24/14,0,4281,793,FALSE
11/20/14,1,4092,1093,TRUE
12/14/13,0,4596,752,FALSE
1/7/16,0,6491,1506,FALSE
10/24/12,0,2962,336,FALSE
7/11/14,0,1664,961,FALSE
7/18/13,0,959,603,FALSE
4/25/12,0,737,155,FALSE
2/5/12,0,2118,76,FALSE
5/25/13,0,1292,549,FALSE
12/18/13,0,3738,756,FALSE
8/14/12,0,806,265,FALSE
12/14/14,14,5759,1117,TRUE
3/10/14,0,2458,838,FALSE
10/22/13,0,2862,699,FALSE
3/28/13,0,1426,491,FALSE
2/26/14,0,2655,826,FALSE
10/25/15,12,8798,1432,TRUE
12/21/11,0,1927,33,FALSE
6/9/13,0,1122,564,FALSE
9/14/12,0,3828,296,FALSE
12/30/15,0,9406,1498,FALSE
1/14/14,0,4130,783,FALSE
10/31/14,0,4685,1073,FALSE
10/27/12,0,3734,339,FALSE
4/25/15,0,3121,1249,FALSE
11/24/15,0,6531,1462,FALSE
11/30/15,1,6163,1468,TRUE
11/12/15,1,5837,1450,TRUE
4/19/16,0,2447,1609,FALSE
7/5/14,0,1448,955,FALSE
8/21/15,0,2306,1367,FALSE
4/4/14,0,2201,863,FALSE
10/19/15,1,6198,1426,TRUE
6/22/13,0,1056,577,FALSE
9/22/14,1,6901,1034,TRUE
12/1/14,1,4668,1104,TRUE
3/20/12,0,902,119,FALSE
10/30/15,0,6863,1437,FALSE
5/24/14,0,2230,913,FALSE
12/28/14,16,6519,1131,TRUE
1/14/13,0,2789,418,FALSE
7/17/13,0,943,602,FALSE
1/12/14,0,4889,781,FALSE
4/4/13,0,1211,498,FALSE
12/25/12,0,3899,398,FALSE
10/12/12,0,3072,324,FALSE
3/3/15,0,3334,1196,FALSE
10/8/15,1,6251,1415,TRUE
7/18/12,0,684,238,FALSE
2/26/12,0,1384,96,FALSE
10/7/12,12,4006,319,TRUE
2/9/16,0,6469,1539,FALSE
1/23/16,0,9257,1522,FALSE
7/22/12,0,748,242,FALSE
2/22/12,0,1282,92,FALSE
3/11/15,0,3242,1204,FALSE
3/30/12,0,798,129,FALSE
2/16/16,0,5723,1546,FALSE
5/27/14,0,1730,916,FALSE
3/7/14,0,2454,835,FALSE
7/30/13,0,946,615,FALSE
6/8/15,0,2050,1293,FALSE
11/22/14,0,5693,1095,FALSE
9/16/13,1,3750,663,TRUE
3/22/13,0,1396,485,FALSE
8/29/12,0,6987,280,FALSE
2/13/14,0,3708,813,FALSE
6/7/13,0,1008,562,FALSE
4/9/15,0,2770,1233,FALSE
2/26/15,0,3712,1191,FALSE
2/9/12,0,1387,80,FALSE
8/1/14,0,1970,982,FALSE
10/26/12,0,3014,338,FALSE
10/15/13,0,2907,692,FALSE
10/21/12,11,3548,333,TRUE
1/12/15,0,5680,1146,FALSE
8/5/14,0,2057,986,FALSE
12/6/12,1,2461,379,TRUE
5/5/12,0,719,165,FALSE
2/16/15,0,5333,1181,FALSE
3/1/12,0,959,100,FALSE
2/1/14,0,5007,801,FALSE
9/29/12,0,4941,311,FALSE
11/7/14,0,4620,1080,FALSE
1/23/13,0,2483,427,FALSE
4/29/13,0,1195,523,FALSE
10/3/13,1,2699,680,TRUE
11/13/15,0,5833,1451,FALSE
9/1/12,0,6743,283,FALSE
8/28/14,0,11030,1009,FALSE
6/9/15,0,2055,1294,FALSE
11/14/13,1,2288,722,TRUE
9/3/13,0,4893,650,FALSE
3/12/13,0,1545,475,FALSE
6/13/15,0,2309,1298,FALSE
9/6/12,0,4471,288,FALSE
7/2/13,0,1046,587,FALSE
3/4/16,0,4516,1563,FALSE
5/25/12,0,595,184,FALSE
6/20/13,0,1008,575,FALSE
4/12/15,0,3197,1236,FALSE
4/11/13,0,1119,505,FALSE
9/9/12,13,5475,291,TRUE
10/6/13,12,3299,683,TRUE
11/24/13,12,3847,732,TRUE
5/15/16,0,2041,1635,FALSE
1/8/16,0,6723,1507,FALSE
6/15/13,0,1082,570,FALSE
1/12/16,0,5993,1511,FALSE
1/15/16,0,6585,1514,FALSE
1/11/13,0,2657,415,FALSE
1/6/16,0,6486,1505,FALSE
1/13/12,0,2034,56,FALSE
4/9/13,0,1151,503,FALSE
10/16/15,0,6530,1423,FALSE
3/20/13,0,1361,483,FALSE
2/18/16,0,4907,1548,FALSE
5/3/13,0,1109,527,FALSE
8/8/15,0,2626,1354,FALSE
6/16/12,0,584,206,FALSE
10/25/14,0,6656,1067,FALSE
7/28/14,0,2051,978,FALSE
10/19/13,0,3824,696,FALSE
10/16/13,0,2819,693,FALSE
3/20/16,0,4602,1579,FALSE
8/26/14,0,10086,1007,FALSE
4/8/14,0,1953,867,FALSE
8/15/13,0,1134,631,FALSE
1/7/15,0,4752,1141,FALSE
5/29/16,0,1447,1649,FALSE
2/24/15,0,3614,1189,FALSE
6/24/15,0,2145,1309,FALSE
1/10/14,0,4193,779,FALSE
9/17/15,1,8560,1394,TRUE
5/24/15,0,2609,1278,FALSE
6/27/15,0,2365,1312,FALSE
4/1/14,0,1981,860,FALSE
7/2/12,0,679,222,FALSE
12/3/14,0,4713,1106,FALSE
5/6/13,0,1057,530,FALSE
11/22/13,0,2844,730,FALSE
1/7/14,0,4734,776,FALSE
11/10/15,0,5836,1448,FALSE
10/18/13,0,3050,695,FALSE
6/12/12,0,647,202,FALSE
1/13/15,0,4797,1147,FALSE
11/17/12,0,2586,360,FALSE
6/14/16,0,1187,1665,FALSE
2/2/16,0,5892,1532,FALSE
3/17/15,0,2989,1210,FALSE
6/10/15,0,1981,1295,FALSE
3/25/13,0,1422,488,FALSE
2/11/16,0,5689,1541,FALSE
6/27/14,0,1545,947,FALSE
11/11/15,0,7325,1449,FALSE
5/23/15,0,2671,1277,FALSE
5/1/15,0,2449,1255,FALSE
1/15/12,0,2251,58,FALSE
6/14/12,0,571,204,FALSE
5/2/12,0,757,162,FALSE
3/1/15,0,4776,1194,FALSE
4/25/16,0,2411,1615,FALSE
7/11/15,0,2261,1326,FALSE
8/27/12,0,778,278,FALSE
9/20/15,14,10176,1397,TRUE
1/21/15,0,4039,1155,FALSE
4/7/13,0,1322,501,FALSE
11/5/13,0,2624,713,FALSE
2/14/16,0,7308,1544,FALSE
6/18/13,0,1003,573,FALSE
11/11/14,0,5098,1084,FALSE
12/13/15,14,7276,1481,TRUE
12/12/12,0,2623,385,FALSE
11/16/15,1,5325,1454,TRUE
12/13/11,0,1624,25,FALSE
3/10/15,0,3222,1203,FALSE
11/16/14,12,5733,1089,TRUE
4/2/15,0,3105,1226,FALSE
4/7/15,0,2714,1231,FALSE
3/24/16,0,4111,1583,FALSE
12/19/15,1,8422,1487,TRUE
11/3/12,0,3252,346,FALSE
11/20/13,0,2779,728,FALSE
8/17/14,0,2539,998,FALSE
4/5/16,0,2770,1595,FALSE
11/25/15,0,7951,1463,FALSE
5/7/13,0,966,531,FALSE
2/1/15,0,6963,1166,FALSE
6/6/13,0,1060,561,FALSE
9/17/14,0,7441,1029,FALSE
12/13/14,0,6272,1116,FALSE
11/15/12,1,2169,358,TRUE
4/30/13,0,1134,524,FALSE
11/25/13,1,2920,733,TRUE
4/15/14,0,2053,874,FALSE
12/5/12,0,2572,378,FALSE
3/29/13,0,1549,492,FALSE
10/3/12,0,3527,315,FALSE
5/26/12,0,459,185,FALSE
12/17/13,0,3386,755,FALSE
9/7/13,0,5333,654,FALSE
8/24/14,0,2838,1005,FALSE
12/1/15,0,6025,1469,FALSE
8/30/12,0,6440,281,FALSE
2/29/12,0,980,99,FALSE
11/3/14,1,4478,1076,TRUE
8/15/12,0,713,266,FALSE
8/21/12,0,747,272,FALSE
7/7/12,0,674,227,FALSE
5/28/12,0,640,187,FALSE
11/5/14,0,4202,1078,FALSE
9/11/13,0,4131,658,FALSE
9/28/13,0,4019,675,FALSE
12/9/13,1,3417,747,TRUE
9/15/13,14,4343,662,TRUE
1/4/14,0,5532,773,FALSE
11/17/14,1,4560,1090,TRUE
1/6/13,0,3594,410,FALSE
7/17/14,0,1614,967,FALSE
3/8/16,0,3862,1567,FALSE
4/20/15,0,2279,1244,FALSE
1/11/12,0,1876,54,FALSE
7/15/12,0,732,235,FALSE
10/21/15,0,6216,1428,FALSE
9/20/13,0,3048,667,FALSE
8/13/13,0,1005,629,FALSE
6/23/14,0,1716,943,FALSE
3/9/14,0,3208,837,FALSE
1/30/14,0,3920,799,FALSE
3/31/15,0,3002,1224,FALSE
8/25/13,0,1308,641,FALSE
3/19/16,0,4557,1578,FALSE
9/18/14,1,7250,1030,TRUE
8/30/13,0,5022,646,FALSE
7/13/15,0,2184,1328,FALSE
1/15/15,0,5133,1149,FALSE
6/1/16,0,1275,1652,FALSE
9/19/12,0,4480,301,FALSE
2/24/14,0,2911,824,FALSE
2/17/16,0,5250,1547,FALSE
8/14/14,0,2168,995,FALSE
12/29/14,0,7223,1132,FALSE
11/8/13,0,2529,716,FALSE
4/12/16,0,2330,1602,FALSE
9/23/14,0,6412,1035,FALSE
1/28/12,0,2190,68,FALSE
5/17/13,0,944,541,FALSE
5/6/15,0,2401,1260,FALSE
12/7/13,0,4729,745,FALSE
3/15/12,0,897,114,FALSE
3/27/15,0,3041,1220,FALSE
10/17/14,0,4953,1059,FALSE
5/2/13,0,1148,526,FALSE
10/6/15,0,6484,1413,FALSE
11/21/12,0,2850,364,FALSE
7/20/12,0,632,240,FALSE
11/8/15,11,7009,1446,TRUE
4/2/14,0,2076,861,FALSE
8/1/12,0,740,252,FALSE
5/27/13,0,1277,551,FALSE
8/27/13,0,3602,643,FALSE
12/23/14,0,6752,1126,FALSE
5/8/13,0,1053,532,FALSE
4/12/13,0,1228,506,FALSE
9/11/15,0,9415,1388,FALSE
8/7/13,0,1192,623,FALSE
3/18/13,0,1477,481,FALSE
11/26/15,3,7873,1464,TRUE
8/7/15,0,2404,1353,FALSE
4/16/15,0,2189,1240,FALSE
12/27/14,0,4343,1130,FALSE
5/28/15,0,1966,1282,FALSE
2/16/14,0,3878,816,FALSE
1/2/12,0,2369,45,FALSE
11/27/12,0,2446,370,FALSE
6/10/13,0,1043,565,FALSE
2/6/14,0,3737,806,FALSE
7/11/13,0,1015,596,FALSE
8/19/12,0,53,270,FALSE
4/14/14,0,2144,873,FALSE
4/13/12,0,772,143,FALSE
4/15/12,0,952,145,FALSE
12/3/11,0,2051,15,FALSE
4/2/16,0,4003,1592,FALSE
1/5/13,0,3611,409,FALSE
2/27/12,0,1347,97,FALSE
3/7/15,0,4813,1200,FALSE
3/14/15,0,4528,1207,FALSE
6/18/15,0,2428,1303,FALSE
5/1/12,0,834,161,FALSE
5/20/14,0,1772,909,FALSE
1/23/14,0,4061,792,FALSE
3/19/13,0,1349,482,FALSE
1/3/15,0,6903,1137,FALSE
6/16/13,0,1072,571,FALSE
4/10/13,0,1167,504,FALSE
8/31/13,0,5629,647,FALSE
8/11/13,0,1390,627,FALSE
7/10/14,0,1648,960,FALSE
11/5/15,1,6203,1443,TRUE
4/19/14,0,2413,878,FALSE
5/14/15,0,2245,1268,FALSE
1/25/15,0,7191,1159,FALSE
9/22/15,0,8390,1399,FALSE
12/24/14,0,7074,1127,FALSE
6/5/14,0,1700,925,FALSE
7/29/12,0,713,249,FALSE
9/13/14,0,9660,1025,FALSE
6/17/12,0,677,207,FALSE
4/7/16,0,2872,1597,FALSE
8/17/13,0,1197,633,FALSE
4/1/15,0,2943,1225,FALSE
12/24/11,13,2044,36,TRUE
3/4/12,0,1257,103,FALSE
5/13/12,0,798,172,FALSE
12/7/14,14,5589,1110,TRUE
2/21/12,0,1488,91,FALSE
11/27/15,0,7941,1465,FALSE
12/30/13,0,5324,768,FALSE
12/15/14,1,4317,1118,TRUE
7/10/12,0,639,230,FALSE
12/26/12,0,3756,399,FALSE
10/1/14,0,6429,1043,FALSE
5/14/12,0,827,173,FALSE
11/1/15,12,7504,1439,TRUE
7/3/14,0,1715,953,FALSE
10/4/14,0,8323,1046,FALSE
11/13/13,0,2327,721,FALSE
4/10/14,0,1802,869,FALSE
6/3/13,0,1042,558,FALSE
9/5/12,1,5336,287,TRUE
4/5/14,0,2781,864,FALSE
4/30/12,0,1030,160,FALSE
7/18/15,0,2300,1333,FALSE
9/25/13,0,3045,672,FALSE
3/11/13,0,1463,474,FALSE
4/18/14,0,2376,877,FALSE
12/1/13,12,3616,739,TRUE
1/13/16,0,6250,1512,FALSE
5/23/12,0,612,182,FALSE
1/5/15,0,5403,1139,FALSE
3/17/12,0,911,116,FALSE
3/27/14,0,2228,855,FALSE
10/17/15,0,8558,1424,FALSE
5/29/15,0,2325,1283,FALSE
4/20/12,0,725,150,FALSE
10/29/13,0,2674,706,FALSE
5/4/15,0,2648,1258,FALSE
6/1/13,0,1185,556,FALSE
11/4/13,1,2577,712,TRUE
9/19/14,0,7176,1031,FALSE
8/27/14,0,13226,1008,FALSE
1/28/16,0,6578,1527,FALSE
10/6/14,1,6173,1048,TRUE
2/11/15,0,3881,1176,FALSE
4/10/12,0,826,140,FALSE
3/18/16,0,3652,1577,FALSE
9/11/14,1,7457,1023,TRUE
3/20/15,0,3174,1213,FALSE
1/24/12,0,1860,64,FALSE
2/7/12,0,1464,78,FALSE
6/22/12,0,665,212,FALSE